{
    "type": "FeatureCollection",
    "features": [
      {
        "type": "Feature",
        "properties": {},
        "geometry": {
          "type": "Polygon",
          "coordinates": [
            [
              [
                110.48697531223296,
                -7.720767501244917
              ],
              [
                110.49070358276367,
                -7.729277990945188
              ],
              [
                110.49103617668152,
                -7.7389630490605
              ],
              [
                110.491486787796,
                -7.7413125192092025
              ],
              [
                110.49166917800903,
                -7.7459263726964425
              ],
              [
                110.4915189743042,
                -7.750837838617225
              ],
              [
                110.49233436584473,
                -7.750710268798546
              ],
              [
                110.49237728118896,
                -7.753091565705412
              ],
              [
                110.49147605895996,
                -7.753049042664517
              ],
              [
                110.49190521240234,
                -7.7667412396479145
              ],
              [
                110.49684047698975,
                -7.767676715089131
              ],
              [
                110.49967288970947,
                -7.7680168874603055
              ],
              [
                110.50297737121582,
                -7.767889322853398
              ],
              [
                110.50675392150877,
                -7.7683995810485555
              ],
              [
                110.50992965698242,
                -7.769377574189804
              ],
              [
                110.51130294799805,
                -7.771205990039722
              ],
              [
                110.51203250885008,
                -7.773587170836483
              ],
              [
                110.51229000091553,
                -7.775628172195805
              ],
              [
                110.51331996917723,
                -7.77754160195376
              ],
              [
                110.51503658294678,
                -7.779327461853584
              ],
              [
                110.51636695861816,
                -7.780390470088414
              ],
              [
                110.51846981048584,
                -7.780390470088414
              ],
              [
                110.5202293395996,
                -7.780603071412032
              ],
              [
                110.52143096923828,
                -7.780858192858093
              ],
              [
                110.52228927612305,
                -7.781666076413205
              ],
              [
                110.52241802215576,
                -7.783239318868718
              ],
              [
                110.52327632904053,
                -7.783877118182172
              ],
              [
                110.52417755126952,
                -7.785025154500656
              ],
              [
                110.52400588989258,
                -7.786258227043437
              ],
              [
                110.52512168884277,
                -7.785152713897472
              ],
              [
                110.5255937576294,
                -7.784004677928404
              ],
              [
                110.5288553237915,
                -7.785833030024752
              ],
              [
                110.5296277999878,
                -7.777711684176567
              ],
              [
                110.52842617034912,
                -7.777584122515922
              ],
              [
                110.52834033966064,
                -7.77677623109778
              ],
              [
                110.52911281585692,
                -7.776521107168825
              ],
              [
                110.52937030792236,
                -7.775925817397966
              ],
              [
                110.52988529205322,
                -7.776053379562819
              ],
              [
                110.52988529205322,
                -7.776691189805371
              ],
              [
                110.5305290222168,
                -7.776691189805371
              ],
              [
                110.53065776824951,
                -7.7757132137036775
              ],
              [
                110.53095817565918,
                -7.775288005991943
              ],
              [
                110.53203105926514,
                -7.775160443594401
              ],
              [
                110.53147315979004,
                -7.774607672756955
              ],
              [
                110.53143024444579,
                -7.773799775607886
              ],
              [
                110.53237438201904,
                -7.773757254662225
              ],
              [
                110.53293228149414,
                -7.773842296549246
              ],
              [
                110.53323268890381,
                -7.772269018850171
              ],
              [
                110.5328893661499,
                -7.77167372304795
              ],
              [
                110.5323314666748,
                -7.771205990039722
              ],
              [
                110.52778244018553,
                -7.77129103244362
              ],
              [
                110.52786827087402,
                -7.770568171461483
              ],
              [
                110.52868366241455,
                -7.7704406076295625
              ],
              [
                110.52881240844725,
                -7.767804279760616
              ],
              [
                110.52812576293944,
                -7.767294020842264
              ],
              [
                110.52816867828369,
                -7.7633394932116655
              ],
              [
                110.52726745605469,
                -7.763296971206957
              ],
              [
                110.52735328674316,
                -7.762829228871078
              ],
              [
                110.52632331848145,
                -7.762531574386327
              ],
              [
                110.52670955657959,
                -7.761893742637743
              ],
              [
                110.52662372589111,
                -7.761255909921328
              ],
              [
                110.52606582641602,
                -7.761298432132531
              ],
              [
                110.52589416503906,
                -7.762191397574195
              ],
              [
                110.5253791809082,
                -7.761851220486767
              ],
              [
                110.52546501159668,
                -7.760915732076877
              ],
              [
                110.525164604187,
                -7.7602353755621625
              ],
              [
                110.52422046661376,
                -7.759725107453622
              ],
              [
                110.5244779586792,
                -7.758236821933493
              ],
              [
                110.5250358581543,
                -7.758321866962239
              ],
              [
                110.52486419677733,
                -7.755345280724017
              ],
              [
                110.52778244018553,
                -7.755345280724017
              ],
              [
                110.53021788597107,
                -7.755674832380149
              ],
              [
                110.53017497062683,
                -7.756046906520349
              ],
              [
                110.53413391113281,
                -7.756578440435458
              ],
              [
                110.53061485290527,
                -7.7513906407180855
              ],
              [
                110.53001403808594,
                -7.750540175646844
              ],
              [
                110.52898406982422,
                -7.747903723007932
              ],
              [
                110.53138732910156,
                -7.745947634577126
              ],
              [
                110.5304431915283,
                -7.7423756235702035
              ],
              [
                110.52812576293944,
                -7.738803582286284
              ],
              [
                110.52898406982422,
                -7.7382082391296505
              ],
              [
                110.52855491638184,
                -7.7358268580979015
              ],
              [
                110.52949905395508,
                -7.73506141133923
              ],
              [
                110.52889823913574,
                -7.734210913311654
              ],
              [
                110.5276107788086,
                -7.734125863414585
              ],
              [
                110.52666664123535,
                -7.730638802874307
              ],
              [
                110.52623748779297,
                -7.726301199557855
              ],
              [
                110.52726745605469,
                -7.724174907148208
              ],
              [
                110.52632331848145,
                -7.722814074389024
              ],
              [
                110.52477836608887,
                -7.724600166486452
              ],
              [
                110.52460670471191,
                -7.724089855229184
              ],
              [
                110.52203178405762,
                -7.723919751339764
              ],
              [
                110.52400588989258,
                -7.723579543355435
              ],
              [
                110.52349090576172,
                -7.720347553841731
              ],
              [
                110.52289009094237,
                -7.7170304862725265
              ],
              [
                110.52220344543456,
                -7.716009844861514
              ],
              [
                110.5213451385498,
                -7.716520165874968
              ],
              [
                110.52117347717285,
                -7.72094292218851
              ],
              [
                110.52031517028809,
                -7.720772817032161
              ],
              [
                110.52040100097656,
                -7.716265005445217
              ],
              [
                110.51980018615723,
                -7.715329415885609
              ],
              [
                110.51851272583008,
                -7.714223716464938
              ],
              [
                110.51731109619139,
                -7.713798446687324
              ],
              [
                110.51637768745422,
                -7.711980413567572
              ],
              [
                110.51544427871704,
                -7.711810304805784
              ],
              [
                110.51365256309509,
                -7.711480718885219
              ],
              [
                110.51263332366943,
                -7.711459455268627
              ],
              [
                110.51206469535828,
                -7.711895359195221
              ],
              [
                110.51089525222778,
                -7.712129258678023
              ],
              [
                110.51086306571959,
                -7.712745902149189
              ],
              [
                110.51075577735901,
                -7.713149909453314
              ],
              [
                110.51078796386719,
                -7.713543284615529
              ],
              [
                110.51118493080138,
                -7.713777183187217
              ],
              [
                110.5110776424408,
                -7.714170557766118
              ],
              [
                110.51021933555602,
                -7.7147446713597985
              ],
              [
                110.50959706306458,
                -7.716179951934428
              ],
              [
                110.50952196121216,
                -7.717625859291223
              ],
              [
                110.50977945327759,
                -7.718965445517757
              ],
              [
                110.50932884216309,
                -7.720368817011404
              ],
              [
                110.50806283950804,
                -7.7206877644283
              ],
              [
                110.50778388977051,
                -7.721538289696526
              ],
              [
                110.50471544265747,
                -7.721219342921542
              ],
              [
                110.50475835800171,
                -7.719475762963646
              ],
              [
                110.50265550613403,
                -7.719433236533361
              ],
              [
                110.50278425216675,
                -7.717795965713993
              ],
              [
                110.49932956695557,
                -7.7172005929348435
              ],
              [
                110.499587059021,
                -7.716137425172614
              ],
              [
                110.49860000610352,
                -7.716009844861514
              ],
              [
                110.49729108810425,
                -7.71645637578196
              ],
              [
                110.49724817276,
                -7.715839737720181
              ],
              [
                110.49686193466187,
                -7.715201835330752
              ],
              [
                110.49574613571167,
                -7.714521405054852
              ],
              [
                110.49591779708861,
                -7.719220604317715
              ],
              [
                110.49656152725218,
                -7.719241867544091
              ],
              [
                110.4973554611206,
                -7.720113658904602
              ],
              [
                110.49752712249754,
                -7.721155553537659
              ],
              [
                110.49875020980835,
                -7.721261869172113
              ],
              [
                110.49894332885742,
                -7.722452602450571
              ],
              [
                110.49825668334961,
                -7.722665233040062
              ],
              [
                110.49829959869385,
                -7.725025425396568
              ],
              [
                110.49922227859496,
                -7.725216791766422
              ],
              [
                110.49849271774292,
                -7.727810860669999
              ],
              [
                110.49752712249754,
                -7.728831473575075
              ],
              [
                110.49641132354736,
                -7.729129151874304
              ],
              [
                110.49514532089233,
                -7.729171677328477
              ],
              [
                110.49390077590942,
                -7.727470655820056
              ],
              [
                110.49325704574584,
                -7.726279936686747
              ],
              [
                110.49222707748413,
                -7.726237410941325
              ],
              [
                110.49224853515625,
                -7.723111756929664
              ],
              [
                110.4898989200592,
                -7.722856600479105
              ],
              [
                110.49014568328857,
                -7.721947604371702
              ],
              [
                110.49018323421478,
                -7.721277816514976
              ],
              [
                110.48949122428893,
                -7.72085255383271
              ],
              [
                110.48912107944489,
                -7.720804711754185
              ],
              [
                110.48892259597778,
                -7.721644605234687
              ],
              [
                110.48803746700287,
                -7.721352237440372
              ],
              [
                110.48758685588837,
                -7.7209269748330005
              ],
              [
                110.48697531223296,
                -7.720767501244917
              ]
            ]
          ]
        }
      }
    ]
  }