{
  "type": "FeatureCollection",
  "features": [
    {
      "type": "Feature",
      "properties": {},
      "geometry": {
        "type": "Polygon",
        "coordinates": [
          [
            [
              110.49167454242706,
              -7.755329334669596
            ],
            [
              110.49162626266478,
              -7.756764477147059
            ],
            [
              110.4916477203369,
              -7.760049340385981
            ],
            [
              110.49166917800903,
              -7.761795410157079
            ],
            [
              110.49316048622131,
              -7.761925634248166
            ],
            [
              110.49402952194214,
              -7.762154190718673
            ],
            [
              110.49406707286835,
              -7.76248373703875
            ],
            [
              110.49506485462189,
              -7.762637879583652
            ],
            [
              110.49511849880219,
              -7.76283454412783
            ],
            [
              110.49594461917877,
              -7.762919588226532
            ],
            [
              110.4961484670639,
              -7.763573364160732
            ],
            [
              110.49638450145721,
              -7.764397226694463
            ],
            [
              110.49915790557861,
              -7.764354704796774
            ],
            [
              110.50163626670837,
              -7.764296237180416
            ],
            [
              110.50556302070618,
              -7.7637381367966976
            ],
            [
              110.50917863845825,
              -7.763233188191803
            ],
            [
              110.51003158092499,
              -7.763126883145046
            ],
            [
              110.50995111465454,
              -7.762382747064897
            ],
            [
              110.50990283489227,
              -7.761872481562795
            ],
            [
              110.5099618434906,
              -7.761659870754102
            ],
            [
              110.50634622573853,
              -7.762021309064894
            ],
            [
              110.50150215625763,
              -7.762637879583652
            ],
            [
              110.50152093172073,
              -7.762015993797875
            ],
            [
              110.50136804580688,
              -7.761612033307316
            ],
            [
              110.5012983083725,
              -7.761213387705838
            ],
            [
              110.50131976604462,
              -7.760697805500608
            ],
            [
              110.50149142742157,
              -7.760219429693143
            ],
            [
              110.50188302993774,
              -7.759788891001048
            ],
            [
              110.50217270851135,
              -7.759427450770994
            ],
            [
              110.50201714038849,
              -7.759076640838829
            ],
            [
              110.50188839435577,
              -7.7587683530810745
            ],
            [
              110.50202786922455,
              -7.758481326344808
            ],
            [
              110.50227463245392,
              -7.758316551648453
            ],
            [
              110.50243556499481,
              -7.75796574078955
            ],
            [
              110.50256967544556,
              -7.757503307846613
            ],
            [
              110.50267159938812,
              -7.757152496309361
            ],
            [
              110.5027037858963,
              -7.756801684479512
            ],
            [
              110.50302028656006,
              -7.756408349655687
            ],
            [
              110.50365328788756,
              -7.7556960937684565
            ],
            [
              110.50398588180542,
              -7.755260235093433
            ],
            [
              110.50416827201843,
              -7.755207081565597
            ],
            [
              110.50449550151825,
              -7.754914737042409
            ],
            [
              110.50456523895264,
              -7.754845637398157
            ],
            [
              110.49973726272583,
              -7.7551114051985515
            ],
            [
              110.49558520317078,
              -7.755334650021141
            ],
            [
              110.49167454242706,
              -7.755329334669596
            ]
          ]
        ]
      }
    }
  ]
}