{
  "type": "FeatureCollection",
  "features": [
    {
      "type": "Feature",
      "properties": {},
      "geometry": {
        "type": "Polygon",
        "coordinates": [
          [
            [
              110.49445331096649,
              -7.741615504225306
            ],
            [
              110.49450159072876,
              -7.744714443723818
            ],
            [
              110.49700140953064,
              -7.744560294613322
            ],
            [
              110.4982191324234,
              -7.744682550809036
            ],
            [
              110.50071626901627,
              -7.747542272569124
            ],
            [
              110.50073772668839,
              -7.747162217729045
            ],
            [
              110.50210297107695,
              -7.747388124493517
            ],
            [
              110.50525724887848,
              -7.747869172611753
            ],
            [
              110.50544500350951,
              -7.746468550318494
            ],
            [
              110.50720453262329,
              -7.746468550318494
            ],
            [
              110.50786972045898,
              -7.743768286225307
            ],
            [
              110.50800919532776,
              -7.741812178592882
            ],
            [
              110.508052110672,
              -7.740812859233177
            ],
            [
              110.50874948501585,
              -7.738261394802821
            ],
            [
              110.50943613052368,
              -7.736050113140861
            ],
            [
              110.50966143608093,
              -7.7352846667873285
            ],
            [
              110.50882458686829,
              -7.735103936195599
            ],
            [
              110.50807356834412,
              -7.734891311870896
            ],
            [
              110.50714015960693,
              -7.734838155772969
            ],
            [
              110.50652325153351,
              -7.737602263981992
            ],
            [
              110.50570785999297,
              -7.7373524318693425
            ],
            [
              110.50589561462402,
              -7.735821542500206
            ],
            [
              110.50472080707549,
              -7.735704599333839
            ],
            [
              110.5045974254608,
              -7.737182333324984
            ],
            [
              110.50300419330597,
              -7.736905923044056
            ],
            [
              110.50127148628235,
              -7.73640094225532
            ],
            [
              110.50121247768402,
              -7.73739229870577
            ],
            [
              110.49776047468185,
              -7.736839478237982
            ],
            [
              110.49838274717331,
              -7.734519219044771
            ],
            [
              110.49373716115952,
              -7.734333172508641
            ],
            [
              110.4942387342453,
              -7.7360687177224445
            ],
            [
              110.49272060394287,
              -7.7357630709210685
            ],
            [
              110.49260258674622,
              -7.736544463172564
            ],
            [
              110.49343943595885,
              -7.736730508733345
            ],
            [
              110.49339652061462,
              -7.738707902192812
            ],
            [
              110.49379885196686,
              -7.740563029023059
            ],
            [
              110.49306392669678,
              -7.740679970841966
            ],
            [
              110.49208760261536,
              -7.740392931773989
            ],
            [
              110.49198031425476,
              -7.740281305416981
            ],
            [
              110.49165844917297,
              -7.740132470228333
            ],
            [
              110.49133658409119,
              -7.740089945879072
            ],
            [
              110.49157798290253,
              -7.741392252129297
            ],
            [
              110.49181401729584,
              -7.741349727907118
            ],
            [
              110.49445331096649,
              -7.741615504225306
            ]
          ]
        ]
      }
    }
  ]
}